test_case_id,pipeline_type,category,latency_ms,generated_answer
1,metadata,appliances,26212,"According to the provided context, one user complaint is:  * ""I will say it feels like you need a lot of it though to get the texture I want.""  This suggests that some users may find the product requires more application than expected to achieve the desired results."
1,agentic,appliances,22408,"There is no mention of setup, performance, or installation issues in the provided context. The complaints and wishes mentioned are all related to the smell of the product."
2,metadata,appliances,17107,"Based on the provided context, the specific features that make this spray highly recommended for long-term value are:  1. Good smell 2. Fine texture when applied 3. Effectiveness in achieving desired texture (although it may require a larger amount)  These features suggest that the product is pleasant to use and provides the expected results, making it a good choice for someone with medium-thickness hair who wants a spray that works well and doesn't contain harsh chemicals."
2,agentic,appliances,31678,"Based on the provided context, the following specific features make this choice highly recommended for long-term value:  * Goes on fine: This suggests that the product is easy to apply and has a smooth, even texture, which can lead to consistent results over time. * Does the trick: This implies that the product effectively achieves its intended purpose (e.g., providing desired texture), which can build trust in the brand and product for long-term use.  These two features combined suggest that this product is reliable and effective, making it a good choice for long-term value."
3,metadata,appliances,9345,"Based solely on the provided context, there are no specific safety warnings, defect reports, or breakdown structural anomalies mentioned. The review is generally positive and focuses on the product's performance, scent, and texture."
3,agentic,appliances,12306,"No, there are no specific safety warnings, defect reports, or breakdown structural anomalies mentioned in this text."
4,metadata,appliances,15105,"Based solely on the provided context, there is no mention of the delivery packaging or quality control. The review focuses on the product itself, mentioning its pleasant scent, fine application, and effectiveness. There are no comments about the packaging or any issues with receiving the product. Therefore, it is not possible to determine the general user sentiment regarding delivery packaging and quality control based on this context."
4,agentic,appliances,23505,"Based solely on the provided context, there is no mention of the delivery packaging or quality control. The context only discusses the product's scent, application, and effectiveness for hair texture, as well as users' comparisons to other brands with harsh chemicals. Therefore, it is not possible to determine the general user sentiment regarding delivery packaging and quality control from this information."
5,metadata,appliances,11176,"Based solely on the provided context, there is no information about the product's performance when used continuously over an extended period of time. The reviewer mentions using the product once and having a positive experience, but does not provide any insight into how it handles daily use or long-term usage."
5,agentic,appliances,19934,"Based solely on the provided context, there is no information about the product's handling of continuous daily usage over an extended period of time. The context only mentions that the spray ""does what I need it to do"" and ""feels great"", but does not provide any details about its performance or durability under prolonged use."
6,metadata,appliances,9537,"No, there are no mentions of unexpected operational noise, vibrations, or loud sounds in the provided context. The text only discusses the product's performance and characteristics (smell, application, effectiveness), but does not mention any auditory aspects."
6,agentic,appliances,13032,"No, there are no mentions of unexpected operational noise, vibrations, or loud sounds in the provided context."
7,metadata,appliances,9837,"No, the item (spray) does not require specialized cleaning tools or high maintenance overhead. The user mentions that it ""goes on really fine"" and does its job effectively, indicating a straightforward application process with no special requirements for upkeep."
7,agentic,appliances,16025,"Based solely on the provided context, there is no indication that the item requires specialized cleaning tools or high maintenance overhead. The context only mentions the product's performance and usage quantity, but does not mention any specific requirements for cleaning or maintenance."
8,metadata,appliances,11802,"There is no mention of the user interface, buttons, or physical design layout in the provided context. The conversation only discusses the performance and characteristics of the spray product (smell, application, texture), but does not touch on any aspects related to the physical design or usability of the product itself."
8,agentic,appliances,22651,"There is no mention of the user interface, buttons, or physical design layout in the provided context. The conversation appears to be focused on the product's performance and characteristics (texture, smell, and feel), as well as the user's personal experience and comparison with other brands."
9,metadata,appliances,9437,"No, the build material is not described in the provided context. The text only discusses the performance and characteristics of the spray, such as its scent, application, and effectiveness, but does not mention anything about the materials used to construct it."
9,agentic,appliances,14864,"The build material is not mentioned at all in the provided context, so it cannot be described as either ""premium durable metal"" or ""fragile plastic components"". The context only talks about the spray's scent and performance."
10,metadata,appliances,20106,"Based on the provided context, yes, consumers feel that the actual product matches the promotional advertising descriptions. The consumer mentions that:  * ""it smells really good"" (matches the description of a pleasant scent) * ""goes on really fine"" (matches the description of smooth application) * ""does the trick"" (matches the description of effectiveness)  The only minor discrepancy mentioned is that the consumer feels they need to use a lot of product to achieve the desired texture, but this does not seem to detract from their overall positive experience with the product."
10,agentic,appliances,31396,"Based on the provided context, it seems that the consumer's experience with the product matches the promotional advertising descriptions in terms of:  * Smell: The consumer mentions that the spray ""smells really good"", which aligns with the expectation set by the promotional advertising. * Application: The consumer notes that the spray ""goes on fine"", which suggests that the application process is smooth and easy, as advertised.  However, there is a discrepancy in terms of:  * Quantity needed: The consumer mentions that they feel like they need to use ""a lot"" of the product to achieve the desired texture, which may not be what was promised by the promotional advertising."
11,metadata,appliances,9735,"No, there are no complaints regarding electrical power usage, cords, or short-circuiting in the provided context. The review only mentions the product's performance, scent, and texture, but does not mention any issues related to electricity or electronics."
11,agentic,appliances,11746,"No, there are no complaints regarding electrical power usage, cords, or short-circuiting."
12,metadata,appliances,5226,"According to the provided context, users compare this spray to ""other brands with yucky chemicals""."
12,agentic,appliances,10879,"Based solely on the provided context, users compare this spray to other brands that use ""yucky chemicals""."
13,metadata,appliances,10392,"No, the user manual does not provide clear step-by-step instructions for troubleshooting errors. The review only mentions the user's positive experience with the product and their comparison to other brands, but it does not mention any issues or errors that need to be troubleshooted."
13,agentic,appliances,15818,"Yes, according to the provided context, the answer is ""yes"". The user states that the spray ""does what I need it to do"", which implies that it provides clear step-by-step instructions for troubleshooting errors."
14,metadata,appliances,11075,"Based on the provided context, there is no mention of any hidden maintenance costs or accessories required that were not included. The reviewer simply states their positive experience with the product and compares it to other brands they've tried. There is no indication of additional expenses or requirements beyond using the spray itself."
14,agentic,appliances,15376,"Based on the provided context, there is no mention of hidden maintenance costs or accessories required that were not included. The speaker's only complaint is about the scent of the product, which they find unpleasant."
15,metadata,appliances,8446,"There is no mention of customer support or resolving broken parts in the provided context, so there is no consensus to report. The context only discusses the product's performance and the customer's overall satisfaction with it."
15,agentic,appliances,13441,"There is no mention of customer support or resolving broken parts in the provided context, so there is no consensus to report. The context only discusses the product's performance and scent."
